"Epic","Feature","Story","FAILED","BROKEN","PASSED","SKIPPED","UNKNOWN"
"","后台系统","用户界面搜索用例","0","2","0","0","0"
"","后台系统","登陆用例","0","2","1","0","0"
"","蜂巢投放系统后台","素材管理_图片管理_按图片名称_关键字查询无数据","0","0","1","0","0"
"","蜂巢投放系统后台","素材管理_图片管理_新增_新增成功","0","1","0","0","0"
"","蜂巢投放系统后台","素材管理_图片管理_按本地名_关键字查询有数据","0","0","1","0","0"
"","蜂巢投放系统后台","素材管理_图片管理_关键字查询_按图片名称_有数据","0","0","1","0","0"
"","蜂巢投放系统后台","登陆","0","1","1","0","0"
"","蜂巢投放系统后台","素材管理_图片管理_按订单查询_关键字查询有数据","0","0","1","0","0"
"","蜂巢投放系统后台","素材管理_图片管理_按本地名称_关键字查询无数据","0","0","1","0","0"
